insert into especie values (1,'PERRO');
insert into especie values (2,'GATO');
insert into especie values (3,'LORO') ;

insert into raza values (11,'Affenpinscher',1);
insert into raza values (12,'Airedale terrier',1);
insert into raza values (13,'Akita Inu',1);
insert into raza values (14,'Akita Americano',1);
insert into raza values (15,'Alano español',1);
insert into raza values (16,'Alaskan malamute',1);
insert into raza values (17,'American Hairless terrier',1);
insert into raza values (18,'American Staffordshire Terrier',1);
insert into raza values (19,'Antiguo Perro Pastor Inglés',1);
insert into raza values (20,'Bardino (Perro majorero)',1);
insert into raza values (21,'Basenji',1);
insert into raza values (22,'Basset hound',1);
insert into raza values (23,'Beagle',1);
insert into raza values (24,'Beauceron',1);
insert into raza values (25,'Bichon frisé',1);
insert into raza values (26,'Bichón maltés',1);
insert into raza values (27,'Bloodhound',1);
insert into raza values (28,'Border collie',1);
insert into raza values (29,'Borzoi',1);
insert into raza values (30,'Boston terrier',1);
insert into raza values (31,'Bóxer',1);
insert into raza values (32,'Braco alemán de pelo corto',1);
insert into raza values (33,'Braco alemán de pelo duro',1);
insert into raza values (34,'Braco de Auvernia',1);
insert into raza values (35,'Braco francés',1);
insert into raza values (36,'Braco húngaro',1);
insert into raza values (37,'Braco italiano',1);
insert into raza values (38,'Braco tirolés',1);
insert into raza values (39,'Braco de Saint Germain',1);
insert into raza values (40,'Braco de Weimar',1);
insert into raza values (41,'Bull Terrier',1);
insert into raza values (42,'Bulldog americano',1);
insert into raza values (43,'Bulldog francés',1);
insert into raza values (44,'Bulldog inglés',1);
insert into raza values (45,'Bullmastiff',1);
insert into raza values (46,'Can de palleiro',1);
insert into raza values (47,'Caniche',1);
insert into raza values (48,'Abisinio ',2);
insert into raza values (49,'American shorthair',2);
insert into raza values (50,'American wirehair',2);
insert into raza values (51,'Angora turco',2);
insert into raza values (52,'Azul ruso',2);
insert into raza values (53,'Gato balinés',2);
insert into raza values (54,'Bengala ',2);
insert into raza values (55,'Burmés',2);
insert into raza values (56,'Bobtail japonés',2);
insert into raza values (57,'Bombay ',2);
insert into raza values (58,'Bosque de Noruega',2);
insert into raza values (59,'British Shorthair',2);
insert into raza values (60,'Burmilla',2);
insert into raza values (61,'California Spangled',2);
insert into raza values (62,'Chantilly-Tiffany',2);
insert into raza values (63,'Chartreux',2);
insert into raza values (64,'Gato color point',2);
insert into raza values (65,'Cornish rex',2);
insert into raza values (66,'Guacamayo militar',3);
insert into raza values (67,'Guacamayo jacinto',3);
insert into raza values (68,'Guacamayo rojo ',3);
insert into raza values (69,'Guacamayo rojo de alas verdes',3);
insert into raza values (70,'Guacamayo azul y amarillo ',3);

insert into doctores values ('43564198','Carmen','Rios','Samaniego','askur@gmail.com','3356643','ADMINISTRADOR','564$65');
insert into doctores values ('43564197','Esteban','Sandro','Casas','esandro@gmail.com','3355343','ADMINISTRADOR','564$65');
insert into doctores values ('43567718','Grecia','Samaniego','Ojeda','gSamaniego@hotmail.com','3345643','ADMINISTRADOR','564$65');
insert into doctores values ('43364198','Javier','Casas','Peña','Jcasas@gmail.com','3356643','DOCTOR','564$65');
insert into doctores values ('43564772','Juan','Rios','Samaniego','jrios@gmail.com','3356643','DOCTOR','564$65');
insert into doctores values ('43564643','Jose','Alvarez','Olguin','jAlvarez@gmail.com','3356643','DOCTOR','564$65');
insert into doctores values ('43654198','Maria','Flores','cervantes','mflores@gmail.com','3356643','DOCTOR','564$65');
insert into doctores values ('43565698','Esteban','Palomino','llaury','epalomino@gmail.com','3356643','DOCTOR','564$65');
insert into doctores values ('43568698','Roberto','Ku','Cortes','Rku@gmail.com','3356643','DOCTOR','564$65');
insert into doctores values ('43579198','Lorena','cabanillas','Rios','askur@gmail.com','3356643','DOCTOR','564$65');
insert into doctores values ('43532198','Viviana','castillo','sandoval','vcastillo@gmail.com','3356643','DOCTOR','564$65');

insert into cliente values ('44544398','Carmen','Palomo','Casas','cpalomo@gmail.com','av las flores 254 - SJL','F','945168883','3356672','0');
insert into cliente values ('44565398','Sandra','Rivera','Mejia','srivera@gmail.com','av los sauces 365 -SMP','F','945168883','3356672','0');
insert into cliente values ('44544798','Ronald','Caceres','Arcaya','rcaceres@hotmail.com','av Brasil 365- BREÑA','F','945168883','3356672','0');
insert into cliente values ('44994398','ridee','sanchez','saldaña','rsanchez@gmail.com','av izaguirre 765 -los olivos','F','945168883','3356672','0');
insert into cliente values ('44543598','Jhoan','saldaña','ruiz','jsaldaña@gmail.com','av larco 62- miraflores','F','945168883','3356672','0');
insert into cliente values ('44546598','Jesus','candela',' pareja','jcandela@gmail.com','av alfredo mendiola -los olivos','F','945168883','3356672','0');
insert into cliente values ('43844398','Miguel','Carpio','Fernandes','mcarpio@gmail.com','av iquitos 652 - la victoria','F','945168883','3356672','0');
insert into cliente values ('44474398','susan','montero','calderon','smontero@gmail.com','av alcazar 65- Rimac','F','945168883','3356672','0');
insert into cliente values ('44514798','karla ','Chicata','cabanillas','kchicata@gmail.com','av marte- los olivos','F','945168883','3356672','0');
insert into cliente values ('44694398','Maria Ines ','Fernandes','Rios','mFernandes@gmail.com','av los casas 546- comas','F','945168883','3356672','0');
insert into cliente values ('44541798','Bruno','Espinoza','sandoval','bespinoza@gmail.com','av emancipacion 69 -surco','F','945168883','3356672','0');

	
insert into tarea values('21','Analisis Clinico','10');
insert into tarea values('22','Radiologia','20');
insert into tarea values('23','Ecografias','30');
insert into tarea values('24','Cirugia','40');
insert into tarea values('25','Hospitalizacion','50');
insert into tarea values('26','Salud Dental','60');
insert into tarea values('27','Programas Antiparasitos','70');
insert into tarea values('28','Vacunaciones','80');
insert into tarea values('29','Informe Tecnico-sanitario','90');
insert into tarea values('30','Consulta de Especialidades','10');
insert into tarea values('31','Atencion domiciliaria','30');
insert into tarea values('32','Programas Senior','20');
insert into tarea values('33','Incineracion y recuperacion de Cenizas','30');
insert into tarea values('34','Peluqueria Canina y felina','30');
insert into tarea values('35','Tienda Especializada','40');



insert into   mascota values ('1','ADA','HEMBRA','A+','0','PEQUEÑO','ALTA','10','20131005','ATOPIA','44994398','11');
insert into   mascota values ('2','ADI','HEMBRA','A+','0','GRANDE ','BAJA','9','20131005','ATOPIA','44694398','12');
insert into   mascota values ('3','AFRICA','HEMBRA','A+','0','MEDIANO','ALTA','5','20131005','ATOPIA','44565398','13');
insert into   mascota values ('4','AFRIKA','HEMBRA','A+','0','PEQUEÑO','BAJA','15','20131005','ATOPIA','44546598','14');
insert into   mascota values ('5','AIDA','HEMBRA','A+','0','GRANDE ','ALTA','10','20131005','ATOPIA','44544798','15');
insert into   mascota values ('6','AIKA','HEMBRA','A+','0','MEDIANO','BAJA','9','20131005','ATOPIA','44544398','16');
insert into   mascota values ('7','AILA','HEMBRA','A+','0','PEQUEÑO','ALTA','5','20131005','ATOPIA','44543598','17');
insert into   mascota values ('8','AISA','HEMBRA','A+','0','GRANDE ','BAJA','15','20131005','ATOPIA','44541798','18');
insert into   mascota values ('9','AISHA','HEMBRA','A+','0','MEDIANO','ALTA','10','20131005','ATOPIA','44514798','11');
insert into   mascota values ('10','AISS','HEMBRA','A+','0','PEQUEÑO','BAJA','9','20131005','ATOPIA','44474398','12');
insert into   mascota values ('11','AITZ','HEMBRA','A+','0','GRANDE ','ALTA','5','20131005','ATOPIA','43844398','13');
insert into   mascota values ('12','AKIA','HEMBRA','A+','0','MEDIANO','BAJA','15','20131005','ATOPIA','44994398','14');
insert into   mascota values ('13','AKIRA','HEMBRA','A+','0','PEQUEÑO','ALTA','10','20131005','ATOPIA','44694398','15');
insert into   mascota values ('14','ALANA','HEMBRA','A+','0','GRANDE ','BAJA','9','20131005','ATOPIA','44565398','16');
insert into   mascota values ('15','ALBA','HEMBRA','A+','0','MEDIANO','ALTA','5','20131005','ATOPIA','44546598','17');
insert into   mascota values ('16','ALDAN','HEMBRA','A+','0','PEQUEÑO','BAJA','15','20131005','ATOPIA','44544798','18');
insert into   mascota values ('17','ALDAR','HEMBRA','A+','0','GRANDE ','ALTA','10','20131005','ATOPIA','44544398','11');
insert into   mascota values ('18','ALFA','HEMBRA','A+','0','MEDIANO','BAJA','9','20131005','ATOPIA','44543598','12');
insert into   mascota values ('19','ALI','HEMBRA','A+','0','PEQUEÑO','ALTA','5','20131005','ATOPIA','44541798','13');
insert into   mascota values ('20','AMBRA','HEMBRA','A+','0','GRANDE ','BAJA','15','20131005','ATOPIA','44514798','14');
insert into   mascota values ('21','ANAIS','HEMBRA','A+','0','MEDIANO','ALTA','10','20131005','ATOPIA','44474398','15');
insert into   mascota values ('22','ANI','HEMBRA','A+','0','PEQUEÑO','BAJA','9','20131005','ATOPIA','43844398','16');
insert into   mascota values ('23','ANKA','HEMBRA','A+','0','GRANDE ','ALTA','5','20131005','ATOPIA','44514798','17');
insert into   mascota values ('24','ANNI','HEMBRA','A+','0','MEDIANO','BAJA','15','20131005','ATOPIA','44565398','18');
insert into   mascota values ('25','CACHO','MACHO','A+','0','PEQUEÑO','ALTA','15','20131005','ATOPIA','44994398','11');
insert into   mascota values ('26','CAIN','MACHO','A+','0','GRANDE ','BAJA','10','20131005','ATOPIA','44694398','12');
insert into   mascota values ('27','CAN','MACHO','A+','0','MEDIANO','ALTA','9','20131005','ATOPIA','44565398','13');
insert into   mascota values ('28','CANELO','MACHO','A+','0','PEQUEÑO','BAJA','5','20131005','ATOPIA','44546598','14');
insert into   mascota values ('29','CANIJO','MACHO','A+','0','GRANDE ','ALTA','15','20131005','ATOPIA','44544798','15');
insert into   mascota values ('30','CANITO','MACHO','A+','0','MEDIANO','BAJA','10','20131005','ATOPIA','44544398','16');
insert into   mascota values ('31','CANUTO','MACHO','A+','0','PEQUEÑO','ALTA','9','20131005','ATOPIA','44543598','17');
insert into   mascota values ('32','CAPI','MACHO','A+','0','GRANDE ','BAJA','15','20131005','ATOPIA','44541798','18');
insert into   mascota values ('33','CAPITA','MACHO','A+','0','MEDIANO','ALTA','10','20131005','ATOPIA','44514798','11');
insert into   mascota values ('34','CAPONE','MACHO','A+','0','PEQUEÑO','BAJA','9','20131005','ATOPIA','44474398','12');
insert into   mascota values ('35','CAPRICHO','MACHO','A+','0','GRANDE ','ALTA','5','20131005','ATOPIA','43844398','13');
insert into   mascota values ('36','CARLA','MACHO','A+','0','MEDIANO','BAJA','15','20131005','ATOPIA','44994398','14');
insert into   mascota values ('37','CARLO','MACHO','A+','0','PEQUEÑO','ALTA','10','20131005','ATOPIA','44694398','15');
insert into   mascota values ('38','CASPER','MACHO','A+','0','GRANDE ','BAJA','9','20131005','ATOPIA','44565398','16');
insert into   mascota values ('39','CHACHO','MACHO','A+','0','MEDIANO','ALTA','15','20131005','ATOPIA','44546598','17');
insert into   mascota values ('40','CHAMAN','MACHO','A+','0','PEQUEÑO','BAJA','10','20131005','ATOPIA','44544798','18');
insert into   mascota values ('41','CHATO','MACHO','A+','0','GRANDE ','ALTA','9','20131005','ATOPIA','44544398','11');
insert into   mascota values ('42','CHICO','MACHO','A+','0','MEDIANO','BAJA','5','20131005','ATOPIA','44543598','12');
insert into   mascota values ('43','CHINO','MACHO','A+','0','PEQUEÑO','ALTA','15','20131005','ATOPIA','44541798','13');
insert into   mascota values ('44','CHESTE','MACHO','A+','0','GRANDE ','BAJA','10','20131005','ATOPIA','44514798','14');
insert into   mascota values ('45','CHEVEL','MACHO','A+','0','MEDIANO','ALTA','9','20131005','ATOPIA','44474398','15');
insert into   mascota values ('46','MACHIN','MACHO','A+','0','PEQUEÑO','BAJA','9','20131005','ATOPIA','43844398','16');


insert into citas value(1,'20140601','PENDIENTE','1','MASCOTA CON PROBLEMAS ALIMENTICIOS','C:IMAGEN1.JPG','EMERGENCIA',21,1,'43364198');
insert into citas value(2,'20140602','PENDIENTE','1','MASCOTA CON PROBLEMAS ALIMENTICIOS','C:IMAGEN1.JPG','EMERGENCIA',22,2,'43532198');
insert into citas value(3,'20140603','PENDIENTE','1','MASCOTA CON PROBLEMAS ALIMENTICIOS','C:IMAGEN1.JPG','EMERGENCIA',23,3,'43564643');
insert into citas value(4,'20140604','PENDIENTE','1','MASCOTA CON PROBLEMAS ALIMENTICIOS','C:IMAGEN1.JPG','EMERGENCIA',24,4,'43564772');
insert into citas value(5,'20140605','PENDIENTE','1','MASCOTA CON PROBLEMAS ALIMENTICIOS','C:IMAGEN1.JPG','EMERGENCIA',25,5,'43565698');
insert into citas value(6,'20140606','PENDIENTE','1','MASCOTA CON PROBLEMAS ALIMENTICIOS','C:IMAGEN1.JPG','EMERGENCIA',26,6,'43568698');
insert into citas value(7,'20140607','PENDIENTE','1','MASCOTA CON PROBLEMAS ALIMENTICIOS','C:IMAGEN1.JPG','EMERGENCIA',27,7,'43579198');
insert into citas value(8,'20140608','PENDIENTE','1','MASCOTA CON PROBLEMAS ALIMENTICIOS','C:IMAGEN1.JPG','EMERGENCIA',28,8,'43654198');
insert into citas value(9,'20140609','PENDIENTE','1','MASCOTA CON PROBLEMAS ALIMENTICIOS','C:IMAGEN1.JPG','EMERGENCIA',29,9,'43364198');
insert into citas value(10,'20140610','PENDIENTE','1','MASCOTA CON PROBLEMAS ALIMENTICIOS','C:IMAGEN1.JPG','CITAS',30,10,'43532198');
insert into citas value(11,'20140611','PENDIENTE','1','MASCOTA CON PROBLEMAS ALIMENTICIOS','C:IMAGEN1.JPG','CITAS',31,11,'43564643');
insert into citas value(12,'20140612','PENDIENTE','1','MASCOTA CON PROBLEMAS ALIMENTICIOS','C:IMAGEN1.JPG','CITAS',32,12,'43564772');
insert into citas value(13,'20140613','PENDIENTE','1','MASCOTA CON PROBLEMAS ALIMENTICIOS','C:IMAGEN1.JPG','CITAS',33,13,'43565698');
insert into citas value(14,'20140614','PENDIENTE','1','MASCOTA CON PROBLEMAS ALIMENTICIOS','C:IMAGEN1.JPG','CITAS',34,14,'43568698');
insert into citas value(15,'20140615','PENDIENTE','1','MASCOTA CON PROBLEMAS ALIMENTICIOS','C:IMAGEN1.JPG','CITAS',35,15,'43579198');
insert into citas value(16,'20140616','PENDIENTE','1','MASCOTA CON PROBLEMAS ALIMENTICIOS','C:IMAGEN1.JPG','CITAS',21,16,'43654198');
insert into citas value(17,'20140617','PENDIENTE','1','MASCOTA CON PROBLEMAS ALIMENTICIOS','C:IMAGEN1.JPG','CITAS',22,17,'43364198');
insert into citas value(18,'20140618','PENDIENTE','1','MASCOTA CON PROBLEMAS ALIMENTICIOS','C:IMAGEN1.JPG','CITAS',23,18,'43532198');
insert into citas value(19,'20140619','PENDIENTE','1','MASCOTA CON PROBLEMAS ALIMENTICIOS','C:IMAGEN1.JPG','CITAS',24,19,'43564643');
insert into citas value(20,'20140620','PENDIENTE','1','MASCOTA CON PROBLEMAS ALIMENTICIOS','C:IMAGEN1.JPG','CITAS',25,20,'43564772');
insert into citas value(21,'20140621','PENDIENTE','1','MASCOTA CON PROBLEMAS ALIMENTICIOS','C:IMAGEN1.JPG','CITAS',26,21,'43565698');
insert into citas value(22,'20140622','PENDIENTE','1','MASCOTA CON PROBLEMAS ALIMENTICIOS','C:IMAGEN1.JPG','CITAS',27,22,'43568698');
insert into citas value(23,'20140623','PENDIENTE','1','MASCOTA CON PROBLEMAS ALIMENTICIOS','C:IMAGEN1.JPG','CITAS',28,23,'43579198');
insert into citas value(24,'20140624','PENDIENTE','1','MASCOTA CON PROBLEMAS ALIMENTICIOS','C:IMAGEN1.JPG','CITAS',29,24,'43654198');
insert into citas value(25,'20140625','PENDIENTE','1','MASCOTA CON PROBLEMAS ALIMENTICIOS','C:IMAGEN1.JPG','CITAS',30,25,'43364198');
insert into citas value(26,'20140626','PENDIENTE','1','MASCOTA CON PROBLEMAS ALIMENTICIOS','C:IMAGEN1.JPG','CITAS',31,26,'43532198');
insert into citas value(27,'20140627','PENDIENTE','1','MASCOTA CON PROBLEMAS ALIMENTICIOS','C:IMAGEN1.JPG','CITAS',32,27,'43564643');
insert into citas value(28,'20140628','PENDIENTE','1','MASCOTA CON PROBLEMAS ALIMENTICIOS','C:IMAGEN1.JPG','CITAS',33,28,'43564772');
insert into citas value(29,'20140629','PENDIENTE','1','MASCOTA CON PROBLEMAS ALIMENTICIOS','C:IMAGEN1.JPG','CITAS',34,29,'43565698');
insert into citas value(30,'20140630','PENDIENTE','1','MASCOTA CON PROBLEMAS ALIMENTICIOS','C:IMAGEN1.JPG','CITAS',35,30,'43568698');
insert into citas value(31,'20140601','PENDIENTE','1','MASCOTA CON PROBLEMAS ALIMENTICIOS','C:IMAGEN1.JPG','CITAS',21,31,'43579198');
insert into citas value(32,'20140602','PENDIENTE','1','MASCOTA CON PROBLEMAS ALIMENTICIOS','C:IMAGEN1.JPG','CITAS',22,32,'43654198');
insert into citas value(33,'20140603','PENDIENTE','1','MASCOTA CON PROBLEMAS ALIMENTICIOS','C:IMAGEN1.JPG','EMERGENCIA',23,33,'43364198');
insert into citas value(34,'20140604','PENDIENTE','1','MASCOTA CON PROBLEMAS ALIMENTICIOS','C:IMAGEN1.JPG','EMERGENCIA',24,34,'43532198');
insert into citas value(35,'20140605','PENDIENTE','1','MASCOTA CON PROBLEMAS ALIMENTICIOS','C:IMAGEN1.JPG','EMERGENCIA',25,35,'43564643');
insert into citas value(36,'20140606','PENDIENTE','1','MASCOTA CON PROBLEMAS ALIMENTICIOS','C:IMAGEN1.JPG','EMERGENCIA',26,36,'43564772');
insert into citas value(37,'20140607','PENDIENTE','1','MASCOTA CON PROBLEMAS ALIMENTICIOS','C:IMAGEN1.JPG','EMERGENCIA',27,37,'43565698');
insert into citas value(38,'20140608','PENDIENTE','1','MASCOTA CON PROBLEMAS ALIMENTICIOS','C:IMAGEN1.JPG','EMERGENCIA',28,38,'43568698');
insert into citas value(39,'20140609','PENDIENTE','1','MASCOTA CON PROBLEMAS ALIMENTICIOS','C:IMAGEN1.JPG','EMERGENCIA',29,39,'43579198');
insert into citas value(40,'20140610','PENDIENTE','1','MASCOTA CON PROBLEMAS ALIMENTICIOS','C:IMAGEN1.JPG','EMERGENCIA',30,40,'43654198');
insert into citas value(41,'20140611','PENDIENTE','1','MASCOTA CON PROBLEMAS ALIMENTICIOS','C:IMAGEN1.JPG','EMERGENCIA',31,41,'43364198');
insert into citas value(42,'20140612','PENDIENTE','1','MASCOTA CON PROBLEMAS ALIMENTICIOS','C:IMAGEN1.JPG','CITAS',32,42,'43532198');
insert into citas value(43,'20140613','PENDIENTE','1','MASCOTA CON PROBLEMAS ALIMENTICIOS','C:IMAGEN1.JPG','CITAS',33,43,'43564643');
insert into citas value(44,'20140614','PENDIENTE','1','MASCOTA CON PROBLEMAS ALIMENTICIOS','C:IMAGEN1.JPG','CITAS',34,44,'43564772');
insert into citas value(45,'20140615','PENDIENTE','1','MASCOTA CON PROBLEMAS ALIMENTICIOS','C:IMAGEN1.JPG','CITAS',35,45,'43565698');
insert into citas value(46,'20140616','PENDIENTE','1','MASCOTA CON PROBLEMAS ALIMENTICIOS','C:IMAGEN1.JPG','CITAS',21,46,'43568698');
insert into citas value(47,'20140617','PENDIENTE','1','MASCOTA CON PROBLEMAS ALIMENTICIOS','C:IMAGEN1.JPG','CITAS',22,1,'43579198');
insert into citas value(48,'20140618','PENDIENTE','1','MASCOTA CON PROBLEMAS ALIMENTICIOS','C:IMAGEN1.JPG','CITAS',23,2,'43654198');
insert into citas value(49,'20140619','PENDIENTE','1','MASCOTA CON PROBLEMAS ALIMENTICIOS','C:IMAGEN1.JPG','CITAS',24,3,'43364198');
insert into citas value(50,'20140620','PENDIENTE','1','MASCOTA CON PROBLEMAS ALIMENTICIOS','C:IMAGEN1.JPG','CITAS',25,4,'43532198');
insert into citas value(51,'20140621','PENDIENTE','1','MASCOTA CON PROBLEMAS ALIMENTICIOS','C:IMAGEN1.JPG','CITAS',26,5,'43564643');
insert into citas value(52,'20140622','PENDIENTE','1','MASCOTA CON PROBLEMAS ALIMENTICIOS','C:IMAGEN1.JPG','CITAS',27,6,'43564772');
insert into citas value(53,'20140623','PENDIENTE','1','MASCOTA CON PROBLEMAS ALIMENTICIOS','C:IMAGEN1.JPG','CITAS',28,7,'43565698');
insert into citas value(54,'20140624','PENDIENTE','1','MASCOTA CON PROBLEMAS ALIMENTICIOS','C:IMAGEN1.JPG','CITAS',29,8,'43568698');
insert into citas value(55,'20140625','PENDIENTE','1','MASCOTA CON PROBLEMAS ALIMENTICIOS','C:IMAGEN1.JPG','CITAS',30,9,'43579198');
insert into citas value(56,'20140626','PENDIENTE','1','MASCOTA CON PROBLEMAS ALIMENTICIOS','C:IMAGEN1.JPG','CITAS',31,10,'43654198');
insert into citas value(57,'20140627','PENDIENTE','1','MASCOTA CON PROBLEMAS ALIMENTICIOS','C:IMAGEN1.JPG','EMERGENCIA',32,11,'43364198');
insert into citas value(58,'20140628','PENDIENTE','1','MASCOTA CON PROBLEMAS ALIMENTICIOS','C:IMAGEN1.JPG','EMERGENCIA',33,12,'43532198');
insert into citas value(59,'20140629','PENDIENTE','1','MASCOTA CON PROBLEMAS ALIMENTICIOS','C:IMAGEN1.JPG','EMERGENCIA',34,13,'43564643');
insert into citas value(60,'20140630','PENDIENTE','1','MASCOTA CON PROBLEMAS ALIMENTICIOS','C:IMAGEN1.JPG','EMERGENCIA',35,14,'43564772');
insert into citas value(61,'20140601','PENDIENTE','1','MASCOTA CON PROBLEMAS ALIMENTICIOS','C:IMAGEN1.JPG','EMERGENCIA',21,15,'43565698');
insert into citas value(62,'20140602','PENDIENTE','1','MASCOTA CON PROBLEMAS ALIMENTICIOS','C:IMAGEN1.JPG','EMERGENCIA',22,16,'43568698');
insert into citas value(63,'20140603','PENDIENTE','1','MASCOTA CON PROBLEMAS ALIMENTICIOS','C:IMAGEN1.JPG','EMERGENCIA',23,17,'43579198');
insert into citas value(64,'20140604','PENDIENTE','1','MASCOTA CON PROBLEMAS ALIMENTICIOS','C:IMAGEN1.JPG','EMERGENCIA',24,18,'43654198');
insert into citas value(65,'20140605','PENDIENTE','1','MASCOTA CON PROBLEMAS ALIMENTICIOS','C:IMAGEN1.JPG','EMERGENCIA',25,19,'43364198');
insert into citas value(66,'20140606','PENDIENTE','1','MASCOTA CON PROBLEMAS ALIMENTICIOS','C:IMAGEN1.JPG','CITAS',26,20,'43532198');
insert into citas value(67,'20140607','PENDIENTE','1','MASCOTA CON PROBLEMAS ALIMENTICIOS','C:IMAGEN1.JPG','CITAS',27,21,'43564643');
insert into citas value(68,'20140608','PENDIENTE','1','MASCOTA CON PROBLEMAS ALIMENTICIOS','C:IMAGEN1.JPG','CITAS',28,22,'43564772');
insert into citas value(69,'20140609','PENDIENTE','1','MASCOTA CON PROBLEMAS ALIMENTICIOS','C:IMAGEN1.JPG','CITAS',29,23,'43565698');
insert into citas value(70,'20140610','PENDIENTE','1','MASCOTA CON PROBLEMAS ALIMENTICIOS','C:IMAGEN1.JPG','CITAS',30,24,'43568698');
insert into citas value(71,'20140611','PENDIENTE','1','MASCOTA CON PROBLEMAS ALIMENTICIOS','C:IMAGEN1.JPG','CITAS',31,25,'43579198');
insert into citas value(72,'20140612','PENDIENTE','1','MASCOTA CON PROBLEMAS ALIMENTICIOS','C:IMAGEN1.JPG','CITAS',32,26,'43654198');
insert into citas value(73,'20140613','PENDIENTE','1','MASCOTA CON PROBLEMAS ALIMENTICIOS','C:IMAGEN1.JPG','CITAS',33,27,'43364198');
insert into citas value(74,'20140614','PENDIENTE','1','MASCOTA CON PROBLEMAS ALIMENTICIOS','C:IMAGEN1.JPG','CITAS',34,28,'43532198');
insert into citas value(75,'20140615','PENDIENTE','1','MASCOTA CON PROBLEMAS ALIMENTICIOS','C:IMAGEN1.JPG','CITAS',35,29,'43564643');
insert into citas value(76,'20140616','PENDIENTE','1','MASCOTA CON PROBLEMAS ALIMENTICIOS','C:IMAGEN1.JPG','CITAS',21,30,'43564772');
insert into citas value(77,'20140617','PENDIENTE','1','MASCOTA CON PROBLEMAS ALIMENTICIOS','C:IMAGEN1.JPG','CITAS',22,31,'43565698');
insert into citas value(78,'20140618','PENDIENTE','1','MASCOTA CON PROBLEMAS ALIMENTICIOS','C:IMAGEN1.JPG','CITAS',23,32,'43568698');
insert into citas value(79,'20140619','PENDIENTE','1','MASCOTA CON PROBLEMAS ALIMENTICIOS','C:IMAGEN1.JPG','CITAS',24,33,'43579198');
insert into citas value(80,'20140620','PENDIENTE','1','MASCOTA CON PROBLEMAS ALIMENTICIOS','C:IMAGEN1.JPG','CITAS',25,34,'43654198');
insert into citas value(81,'20140621','PENDIENTE','1','MASCOTA CON PROBLEMAS ALIMENTICIOS','C:IMAGEN1.JPG','CITAS',26,35,'43364198');
insert into citas value(82,'20140622','PENDIENTE','1','MASCOTA CON PROBLEMAS ALIMENTICIOS','C:IMAGEN1.JPG','CITAS',27,36,'43532198');
insert into citas value(83,'20140623','PENDIENTE','1','MASCOTA CON PROBLEMAS ALIMENTICIOS','C:IMAGEN1.JPG','CITAS',28,37,'43564643');
insert into citas value(84,'20140624','PENDIENTE','1','MASCOTA CON PROBLEMAS ALIMENTICIOS','C:IMAGEN1.JPG','CITAS',29,38,'43564772');
insert into citas value(85,'20140625','PENDIENTE','1','MASCOTA CON PROBLEMAS ALIMENTICIOS','C:IMAGEN1.JPG','CITAS',30,39,'43565698');
insert into citas value(86,'20140626','PENDIENTE','1','MASCOTA CON PROBLEMAS ALIMENTICIOS','C:IMAGEN1.JPG','CITAS',31,40,'43568698');
insert into citas value(87,'20140627','PENDIENTE','1','MASCOTA CON PROBLEMAS ALIMENTICIOS','C:IMAGEN1.JPG','CITAS',32,41,'43579198');
insert into citas value(88,'20140628','PENDIENTE','1','MASCOTA CON PROBLEMAS ALIMENTICIOS','C:IMAGEN1.JPG','CITAS',33,42,'43654198');
insert into citas value(89,'20140629','PENDIENTE','1','MASCOTA CON PROBLEMAS ALIMENTICIOS','C:IMAGEN1.JPG','CITAS',34,43,'43364198');
insert into citas value(90,'20140630','PENDIENTE','1','MASCOTA CON PROBLEMAS ALIMENTICIOS','C:IMAGEN1.JPG','CITAS',35,44,'43532198');
insert into citas value(91,'20140601','PENDIENTE','1','MASCOTA CON PROBLEMAS ALIMENTICIOS','C:IMAGEN1.JPG','CITAS',21,45,'43564643');
insert into citas value(92,'20140602','PENDIENTE','1','MASCOTA CON PROBLEMAS ALIMENTICIOS','C:IMAGEN1.JPG','CITAS',22,46,'43564772');



INSERT INTO COMPROBANTES VALUES (1,'1','1','FACTURA','AV LIMA','20140601',1);
INSERT INTO COMPROBANTES VALUES (2,'1','2','FACTURA','AV LIMA','20140601',2);
INSERT INTO COMPROBANTES VALUES (3,'1','3','FACTURA','AV LIMA','20140601',3);
INSERT INTO COMPROBANTES VALUES (4,'1','4','FACTURA','AV LIMA','20140601',4);
INSERT INTO COMPROBANTES VALUES (5,'1','5','FACTURA','AV LIMA','20140601',5);
INSERT INTO COMPROBANTES VALUES (6,'1','6','FACTURA','AV LIMA','20140601',6);
INSERT INTO COMPROBANTES VALUES (7,'1','7','FACTURA','AV LIMA','20140601',7);
INSERT INTO COMPROBANTES VALUES (8,'1','8','FACTURA','AV LIMA','20140601',8);
INSERT INTO COMPROBANTES VALUES (9,'1','9','FACTURA','AV LIMA','20140601',9);
INSERT INTO COMPROBANTES VALUES (10,'1','10','FACTURA','AV LIMA','20140601',10);
INSERT INTO COMPROBANTES VALUES (11,'1','11','FACTURA','AV LIMA','20140601',11);
INSERT INTO COMPROBANTES VALUES (12,'1','12','FACTURA','AV LIMA','20140601',12);
INSERT INTO COMPROBANTES VALUES (13,'1','13','FACTURA','AV LIMA','20140601',13);
INSERT INTO COMPROBANTES VALUES (14,'1','14','FACTURA','AV LIMA','20140601',14);
INSERT INTO COMPROBANTES VALUES (15,'1','15','FACTURA','AV LIMA','20140601',15);
INSERT INTO COMPROBANTES VALUES (16,'1','16','FACTURA','AV LIMA','20140601',16);
INSERT INTO COMPROBANTES VALUES (17,'1','17','FACTURA','AV LIMA','20140601',17);
INSERT INTO COMPROBANTES VALUES (18,'1','18','FACTURA','AV LIMA','20140601',18);
INSERT INTO COMPROBANTES VALUES (19,'1','19','FACTURA','AV LIMA','20140601',19);
INSERT INTO COMPROBANTES VALUES (20,'1','20','FACTURA','AV LIMA','20140601',20);
INSERT INTO COMPROBANTES VALUES (21,'3','1','BOLETA','AV LIMA','20140602',21);
INSERT INTO COMPROBANTES VALUES (22,'3','2','BOLETA','AV LIMA','20140602',22);
INSERT INTO COMPROBANTES VALUES (23,'3','3','BOLETA','AV LIMA','20140602',23);
INSERT INTO COMPROBANTES VALUES (24,'3','4','BOLETA','AV LIMA','20140602',24);
INSERT INTO COMPROBANTES VALUES (25,'3','5','BOLETA','AV LIMA','20140602',25);
INSERT INTO COMPROBANTES VALUES (26,'3','6','BOLETA','AV LIMA','20140602',26);
INSERT INTO COMPROBANTES VALUES (27,'3','7','BOLETA','AV LIMA','20140602',27);
INSERT INTO COMPROBANTES VALUES (28,'3','8','BOLETA','AV LIMA','20140602',28);
INSERT INTO COMPROBANTES VALUES (29,'3','9','BOLETA','AV LIMA','20140602',29);
INSERT INTO COMPROBANTES VALUES (30,'3','10','BOLETA','AV LIMA','20140602',30);
INSERT INTO COMPROBANTES VALUES (31,'3','11','BOLETA','AV LIMA','20140602',31);
INSERT INTO COMPROBANTES VALUES (32,'3','12','BOLETA','AV LIMA','20140602',32);
INSERT INTO COMPROBANTES VALUES (33,'3','13','BOLETA','AV LIMA','20140602',33);
INSERT INTO COMPROBANTES VALUES (34,'3','14','BOLETA','AV LIMA','20140602',34);
INSERT INTO COMPROBANTES VALUES (35,'3','15','BOLETA','AV LIMA','20140602',35);
INSERT INTO COMPROBANTES VALUES (36,'3','16','BOLETA','AV LIMA','20140602',36);
INSERT INTO COMPROBANTES VALUES (37,'3','17','BOLETA','AV LIMA','20140602',37);
INSERT INTO COMPROBANTES VALUES (38,'3','18','BOLETA','AV LIMA','20140602',38);
INSERT INTO COMPROBANTES VALUES (39,'3','19','BOLETA','AV LIMA','20140602',39);
INSERT INTO COMPROBANTES VALUES (40,'3','20','BOLETA','AV LIMA','20140602',40);



