insert into especie values (1,'PERRO');
insert into especie values (2,'GATO');
insert into especie values (3,'LORO') ;

insert into raza values (11,'Affenpinscher',1);
insert into raza values (12,'Airedale terrier',1);
insert into raza values (13,'Akita Inu',1);
insert into raza values (14,'Akita Americano',1);
insert into raza values (15,'Alano español',1);
insert into raza values (16,'Alaskan malamute',1);
insert into raza values (17,'American Hairless terrier',1);
insert into raza values (18,'American Staffordshire Terrier',1);
insert into raza values (19,'Antiguo Perro Pastor Inglés',1);
insert into raza values (20,'Bardino (Perro majorero)',1);
insert into raza values (21,'Basenji',1);
insert into raza values (22,'Basset hound',1);
insert into raza values (23,'Beagle',1);
insert into raza values (24,'Beauceron',1);
insert into raza values (25,'Bichon frisé',1);
insert into raza values (26,'Bichón maltés',1);
insert into raza values (27,'Bloodhound',1);
insert into raza values (28,'Border collie',1);
insert into raza values (29,'Borzoi',1);
insert into raza values (30,'Boston terrier',1);
insert into raza values (31,'Bóxer',1);
insert into raza values (32,'Braco alemán de pelo corto',1);
insert into raza values (33,'Braco alemán de pelo duro',1);
insert into raza values (34,'Braco de Auvernia',1);
insert into raza values (35,'Braco francés',1);
insert into raza values (36,'Braco húngaro',1);
insert into raza values (37,'Braco italiano',1);
insert into raza values (38,'Braco tirolés',1);
insert into raza values (39,'Braco de Saint Germain',1);
insert into raza values (40,'Braco de Weimar',1);
insert into raza values (41,'Bull Terrier',1);
insert into raza values (42,'Bulldog americano',1);
insert into raza values (43,'Bulldog francés',1);
insert into raza values (44,'Bulldog inglés',1);
insert into raza values (45,'Bullmastiff',1);
insert into raza values (46,'Can de palleiro',1);
insert into raza values (47,'Caniche',1);
insert into raza values (48,'Abisinio ',2);
insert into raza values (49,'American shorthair',2);
insert into raza values (50,'American wirehair',2);
insert into raza values (51,'Angora turco',2);
insert into raza values (52,'Azul ruso',2);
insert into raza values (53,'Gato balinés',2);
insert into raza values (54,'Bengala ',2);
insert into raza values (55,'Burmés',2);
insert into raza values (56,'Bobtail japonés',2);
insert into raza values (57,'Bombay ',2);
insert into raza values (58,'Bosque de Noruega',2);
insert into raza values (59,'British Shorthair',2);
insert into raza values (60,'Burmilla',2);
insert into raza values (61,'California Spangled',2);
insert into raza values (62,'Chantilly-Tiffany',2);
insert into raza values (63,'Chartreux',2);
insert into raza values (64,'Gato color point',2);
insert into raza values (65,'Cornish rex',2);
insert into raza values (66,'Guacamayo militar',3);
insert into raza values (67,'Guacamayo jacinto',3);
insert into raza values (68,'Guacamayo rojo ',3);
insert into raza values (69,'Guacamayo rojo de alas verdes',3);
insert into raza values (70,'Guacamayo azul y amarillo ',3);

insert into doctores values (43564198,'Carmen','Rios','Samaniego','askur@gmail.com','3356643','ADMINISTRADOR','564$65');
insert into doctores values (43564197,'Esteban','Sandro','Casas','esandro@gmail.com','3355343','ADMINISTRADOR','564$65');
insert into doctores values (43567718,'Grecia','Samaniego','Ojeda','gSamaniego@hotmail.com','3345643','ADMINISTRADOR','564$65');
insert into doctores values (43364198,'Javier','Casas','Peña','Jcasas@gmail.com','3356643','DOCTOR','564$65');
insert into doctores values (43564772,'Juan','Rios','Samaniego','jrios@gmail.com','3356643','DOCTOR','564$65');
insert into doctores values (43564643,'Jose','Alvarez','Olguin','jAlvarez@gmail.com','3356643','DOCTOR','564$65');
insert into doctores values (43654198,'Maria','Flores','cervantes','mflores@gmail.com','3356643','DOCTOR','564$65');
insert into doctores values (43565698,'Esteban','Palomino','llaury','epalomino@gmail.com','3356643','DOCTOR','564$65');
insert into doctores values (43568698,'Roberto','Ku','Cortes','Rku@gmail.com','3356643','DOCTOR','564$65');
insert into doctores values (43579198,'Lorena','cabanillas','Rios','askur@gmail.com','3356643','DOCTOR','564$65');
insert into doctores values (43532198,'Viviana','castillo','sandoval','vcastillo@gmail.com','3356643','DOCTOR','564$65');

insert into cliente values (44544398,'Carmen','Palomo','Casas','cpalomo@gmail.com','av las flores 254 - SJL','F','945168883','3356672','0');
insert into cliente values (44565398,'Sandra','Rivera','Mejia','srivera@gmail.com','av los sauces 365 -SMP','F','945168883','3356672','0');
insert into cliente values (44544798,'Ronald','Caceres','Arcaya','rcaceres@hotmail.com','av Brasil 365- BREÑA','F','945168883','3356672','0');
insert into cliente values (44994398,'ridee','sanchez','saldaña','rsanchez@gmail.com','av izaguirre 765 -los olivos','F','945168883','3356672','0');
insert into cliente values (44543598,'Jhoan','saldaña','ruiz','jsaldaña@gmail.com','av larco 62- miraflores','F','945168883','3356672','0');
insert into cliente values (44546598,'Jesus','candela',' pareja','jcandela@gmail.com','av alfredo mendiola -los olivos','F','945168883','3356672','0');
insert into cliente values (43844398,'Miguel','Carpio','Fernandes','mcarpio@gmail.com','av iquitos 652 - la victoria','F','945168883','3356672','0');
insert into cliente values (44474398,'susan','montero','calderon','smontero@gmail.com','av alcazar 65- Rimac','F','945168883','3356672','0');
insert into cliente values (44514798,'karla ','Chicata','cabanillas','kchicata@gmail.com','av marte- los olivos','F','945168883','3356672','0');
insert into cliente values (44694398,'Maria Ines ','Fernandes','Rios','mFernandes@gmail.com','av los casas 546- comas','F','945168883','3356672','0');
insert into cliente values (44541798,'Bruno','Espinoza','sandoval','bespinoza@gmail.com','av emancipacion 69 -surco','F','945168883','3356672','0');

insert into mascota values (1,'Aquiles','M','DEA1','SI',71,'ALTA',7,'2013-07-21',null,44544398,17);					
insert into mascota values (2,'Bobby','M','DEA1','SI',43,'MEDIA',3,'2009-08-10',null,44565398,27);					
insert into mascota values (3,'Bambi','M','DEA1','NO',80,'BAJA',2,'2012-03-13',null,44565398,31);					
insert into mascota values (4,'Adán','M','DEA1','NO',46,'ALTA',7,'2007-10-29',null,44565398,42);					
insert into mascota values (5,'Goofy','M','DEA1','SI',68,'ALTA',4,'2007-09-12',null,44514798,32);					
insert into mascota values (6,'Chester','M','DEA1','NO',80,'BAJA',6,'2011-03-30',null,44544398,41);					
insert into mascota values (7,'Tilú','M','DEA2','SI',83,'BAJA',7,'2008-09-09',null,43844398,21);					
insert into mascota values (8,'Neiron','M','DEA3','SI',40,'BAJA',3,'2009-05-20',null,44544398,42);					
insert into mascota values (9,'Yako','M','DEA2','NO',68,'MEDIA',7,'2005-07-23',null,44694398,21);					
insert into mascota values (10,'Peggy','F','DEA4','SI',45,'ALTA',5,'2007-09-16',null,44541798,11);					
insert into mascota values (11,'Luah','F','DEA7','NO',84,'MEDIA',3,'2006-11-08',null,44543598,27);					
insert into mascota values (12,'Boni','F','DEA1','NO',50,'MEDIA',5,'2008-01-17',null,44543598,19);					
insert into mascota values (13,'Laina','F','DEA1','NO',74,'MEDIA',3,'2014-04-23',null,43844398,21);					
insert into mascota values (14,'Abba','F','DEA1','SI',73,'BAJA',4,'2011-11-06',null,44514798,13);					
insert into mascota values (15,'Leika','F','DEA1','SI',62,'BAJA',7,'2010-07-03',null,44541798,15);					
insert into mascota values (16,'Tom','M','A','NO',28,'ALTA',3,'2005-05-19',null,44544798,57);					
insert into mascota values (17,'Lalo','M','A','NO',29,'MEDIA',2,'2007-06-13',null,44544798,58);					
insert into mascota values (18,'Poncho','M','A','SI',25,'BAJA',5,'2006-04-30',null,44994398,62);					
insert into mascota values (19,'Ayka','M','AB','SI',28,'BAJA',5,'2013-04-27',null,44546598,60);					
insert into mascota values (20,'Jana','F','A','SI',27,'ALTA',6,'2011-01-26',null,44546598,50);					
insert into mascota values (21,'Wika','F','A','NO',35,'MEDIA',2,'2010-05-10',null,44544798,49);					
insert into mascota values (22,'Grecia','F','A','NO',27,'MEDIA',4,'2010-08-16',null,44994398,60);					
insert into mascota values (23,'Marsha','F','B','SI',20,'MEDIA',3,'2010-02-25',null,43844398,54);					
insert into mascota values (24,'Cucho','M','No aplica','SI',16,'ALTA',1,'2014-02-21',null,44994398,70);					
insert into mascota values (25,'Shinko','M','No aplica','NO',20,'MEDIA',1,'2005-01-14',null,44994398,70);					
insert into mascota values (26,'Jack','M','No aplica','NO',12,'MEDIA',1,'2009-05-09',null,44474398,66);					
insert into mascota values (27,'Aurora','F','No aplica','SI',16,'BAJA',1,'2011-05-08',null,44474398,67);					
insert into mascota values (28,'Paola','F','No aplica','SI',19,'BAJA',1,'2010-05-02',null,44543598,67);		
insert into tarea values('21','Analisis Clinico','10');
insert into tarea values('22','Radiologia','20');
insert into tarea values('23','Ecografias','30');
insert into tarea values('24','Cirugia','40');
insert into tarea values('25','Hospitalizacion','50');
insert into tarea values('26','Salud Dental','60');
insert into tarea values('27','Programas Antiparasitos','70');
insert into tarea values('28','Vacunaciones','80');
insert into tarea values('29','Informe Tecnico-sanitario','90');
insert into tarea values('30','Consulta de Especialidades','10');
insert into tarea values('31','Atencion domiciliaria','30');
insert into tarea values('32','Programas Senior','20');
insert into tarea values('33','Incineracion y recuperacion de Cenizas','30');
insert into tarea values('34','Peluqueria Canina y felina','30');
insert into tarea values('35','Tienda Especializada','40');



